key,name,in_field,w0_mu,ceiling,layoff,share_y1,share_y10,w10_p10,w10_p50,w10_p90
si_otomasi,System integrator / kontraktor otomasi,1.0,6.5,26,0.055,0.10884166666666667,0.07116666666666667,9.481162391206613,13.787881954532649,21.546202754764828
manufaktur_mnc,Pabrik multinasional — controls/maintenance,1.0,7.6,32,0.03,0.14,0.173975,11.186628050072333,17.19329973260352,28.17507970285798
manufaktur_lokal,Manufaktur lokal / konglomerasi domestik,1.0,5.5,19,0.04,0.12124166666666666,0.08941666666666667,6.068312051212283,8.870250945853474,13.374482902686989
tambang_smelter,Tambang & smelter — instrumentasi/otomasi,1.0,9.6,42,0.065,0.07975,0.061908333333333336,12.83927507167908,19.930420437696732,32.41690225660468
oil_gas_energi,Oil & gas / pembangkit — instrument & control,1.0,9.0,40,0.04,0.037741666666666666,0.05505,12.414475691993527,18.92433968711002,30.787755358100405
bumn_pertahanan,"BUMN & pertahanan (Defend ID, BRIN, LAPAN-alih)",1.0,7.0,23,0.012,0.046475,0.06715833333333333,8.258930939615306,12.156418253361958,17.89876674559521
startup_hw,Startup hardware / robotika / agritech,1.0,8.0,36,0.13,0.07103333333333334,0.044575,12.314456880870441,19.312089067768365,31.70554113088715
vendor_distributor,Vendor / distributor merek otomasi,0.5,7.0,31,0.045,0.053941666666666666,0.04400833333333334,9.417747925379109,14.426607187883938,22.744074175631805
akademik_vokasi,Dosen / instruktur vokasi / lab,0.5,5.0,16,0.01,0.0347,0.05368333333333333,5.930978077486744,8.509660976807174,12.884740145115325
remote_luar,Remote untuk perusahaan luar negeri,1.0,21.0,85,0.095,0.028541666666666667,0.030358333333333334,29.85300457156579,45.860060279052604,71.14322445299186
pindah_luar,Pindah kerja ke luar negeri,1.0,29.0,105,0.045,0.019475,0.029783333333333332,37.82251730073048,58.469061886384445,86.72028283617357
switch_software,Pindah ke software / data / IT,0.0,8.0,32,0.07,0.07229166666666667,0.0627,9.868246546551767,14.912785795688606,23.030713522146012
switch_nonteknis,Keluar dari teknik sama sekali,0.0,5.6,26,0.055,0.16555833333333334,0.19210833333333333,4.563383154695693,9.091026986576141,13.2964069359224
wirausaha,"Usaha sendiri (jasa otomasi, bengkel, produk)",1.0,4.2,95,0.15,0.020408333333333334,0.024108333333333332,8.263311403892239,15.020633365455241,34.54216876926253
