key,name,short,sector,fit,wage0,oi_mean,oi_sd,oi_se,oi_p10,oi_p25,oi_p50,oi_p75,oi_p90,oi_cvar10,oi5_p50,wage_p10,wage_p50,wage_p90,tight_p10,tight_p50,tight_p90,tight5_mean,p_shortage,p_glut,p_emp,p_entry,displaced,p_top5,p_top3,stability,oi_worst_regime,oi_fit,oi_fit_p10
semikonduktor,Mikroelektronika & Semikonduktor,Semikonduktor,semis,0.7,11.0,12.867059491156475,3.047277047282136,0.012440456451227003,8.293219081262608,10.552085782774494,13.497573157236122,15.569739773987141,16.336807771881546,7.072951997873119,10.339799126446003,11.406650683414318,14.97280564992146,16.752678665191457,0.8810856751346141,1.499538125362124,2.493651612024164,1.2759048875960042,0.80815,0.10896666666666667,0.8748006012217348,0.8034770520938038,0.0767196980099787,0.7864,0.67745,4.222477737176078,10.342940614446924,11.400214709164635,7.3477921059986695
elektro_tenaga,Teknik Elektro — Sistem Tenaga,Elektro Tenaga,energy,0.55,9.5,11.11481182403489,2.255548106914852,0.009208236587069908,7.814633583667761,9.446073978762694,11.46287892729412,13.070797143661,13.800412207375352,6.850140594479743,8.847609407803809,10.352122056365445,12.789043369305386,14.251590040482919,0.9681253605143921,1.4735710621414273,2.1931080345431107,1.2482736523644804,0.8518,0.06718333333333333,0.8776348962089394,0.8168901947261891,0.038971003778790245,0.6248,0.39031666666666665,4.927765357768305,9.271150884731775,9.214179002124924,6.478331240860573
tambang,Teknik Pertambangan,Pertambangan,commodity,0.25,11.0,10.971902230358609,3.1106333437159916,0.012699107448319435,6.843950896349091,8.420039309834696,10.791556986362108,13.595746376028684,15.40429128357908,6.073457869363958,9.395159240126588,10.129808472713789,13.181431081414875,16.16292385878427,0.7051145481748191,1.1702728347274447,1.9015400224681052,1.1116397221727345,0.6099833333333333,0.25155,0.8161685961258222,0.7796568596490692,0.041846939245755284,0.5298,0.39466666666666667,3.5272245288965727,9.241824671542318,7.844910094706405,4.8934248908896
metalurgi,Teknik Metalurgi & Material,Metalurgi,commodity,0.35,9.5,10.712271183700471,2.4045670032538258,0.009816603683841884,7.267987562986965,8.863113054158422,10.944607650683961,12.824854766873008,13.699717133013129,6.34790576101464,8.669782018649233,9.934788144914078,12.444066139702539,14.186937705234177,0.8959782887131658,1.3962973095592544,2.121778373059874,1.2142330697575443,0.7973,0.10235,0.8629126913844356,0.8056930626601684,0.0496752647038015,0.5374833333333333,0.33053333333333335,4.454968885959418,9.274856959233437,8.066340201326454,5.472794634929185
dirgantara_uav,Teknik Dirgantara & UAV,Dirgantara/UAV,physical_ai,0.8,9.0,10.10634483385056,2.722456373322038,0.011114381602711703,6.094529786875677,7.903644575809074,10.505863519263205,12.616112048889349,13.352664802140755,5.216381560536146,8.269591825250158,8.746663970804683,11.886786523971647,13.69713413654074,0.7798280275233103,1.4140899810701215,2.4715295014071756,1.2394857423447827,0.74345,0.16343333333333335,0.8580381934931224,0.8068668435252054,0.04458960569072391,0.4555666666666667,0.2509,3.7122155318575185,7.969523714957772,9.338262626477919,5.631345523073126
kendali,Teknik Kendali & Otomasi Industri,Kendali/Otomasi,physical_ai,0.92,9.0,9.817824252380895,2.435224928074009,0.00994176413781198,6.3786704359145,7.8877240595445155,9.956387926982675,12.002444101056728,12.944246547612948,5.564500728450849,8.088742844850707,8.997406783206024,11.533402017530662,13.437247995149933,0.8225228393107911,1.3294228717039054,2.072095639859838,1.1899065195598568,0.7396833333333334,0.1482,0.8488299289975348,0.7954315748784452,0.05985985181840255,0.35883333333333334,0.15295,4.031588268992342,7.563969518280492,9.519362395108516,6.184758854662699
komputer_embedded,Teknik Komputer / Sistem Tertanam,Embedded,physical_ai,0.9,9.5,9.62899544625484,2.5677719306595246,0.010482885009928439,6.184399633688937,7.561596341673589,9.545215806628688,11.784497506208066,13.213900735872054,5.458498316968133,8.201735036261205,9.00087391435957,11.539928634943834,13.924609300186955,0.7459312774770384,1.1986984494853024,1.8503854886337598,1.1232119802152565,0.6444833333333333,0.21673333333333333,0.8221089870740265,0.7456652001975098,0.1300337885972445,0.3290166666666667,0.16528333333333334,3.7499418586531794,7.438362982366382,9.263093619297157,5.949392447608757
siber,Keamanan Siber,Keamanan Siber,digital,0.4,10.5,9.449717636781205,2.820547209879608,0.011514835766059685,5.931196581624958,7.1871330474028685,9.068194566445634,11.444901108869484,13.77675109833711,5.398092647527698,8.508080015992974,9.015017187765727,11.729793329438557,14.95476919169006,0.6361261189306606,1.0248362394514865,1.6154592826574814,1.0328678967115532,0.4704,0.36123333333333335,0.7811719531995043,0.6613724966347856,0.18690158975103288,0.31366666666666665,0.19826666666666667,3.350313585846541,7.9987383310645015,7.295182015595091,4.578883761014468
kedokteran,Kedokteran,Kedokteran,health,0.1,9.0,9.390497750321186,1.4438467966862323,0.005894479864388791,7.518434907844142,8.339152812865443,9.3538555836132,10.418476397109199,11.372262155298301,6.961389064096971,7.843154278535101,9.882673709415117,11.107761240817004,12.425751917866188,0.9868585776992175,1.2502808318098282,1.5761522533242631,1.1264244505518966,0.8285666666666667,0.03861666666666667,0.8395932032251665,0.7923590670861568,0.016626856345730783,0.2389,0.0884,6.503804816323508,9.029514005006943,6.178947519711341,4.947130169361445
robotika,Teknik Robotika & Mekatronika,Robotika,physical_ai,1.0,9.0,9.289998398192441,2.649156071642395,0.010815134374199708,5.6541226509943,7.107430417085815,9.27487972042817,11.670430486887115,12.902930204615101,4.9588153582341405,7.8628402042681484,8.33116849353843,11.09360572255095,13.429906653838144,0.7171872147677555,1.22887287775199,2.0213572397463766,1.148495987388258,0.6481166666666667,0.22698333333333334,0.8269392981555178,0.7852930643205821,0.05719879703483015,0.29333333333333333,0.12715,3.506776553347017,7.106864258927676,9.289998398192441,5.6541226509943
ai_ml,Ilmu Komputer — AI / Machine Learning,AI/ML,digital,0.65,12.0,8.250217225093442,2.980084820102153,0.012166145332440127,5.4581239466644575,5.900104155041174,7.2612982757222415,9.746635186458152,12.724348629698124,5.286905725185827,8.249933459253299,8.986888696208938,10.72631146362696,15.028783632732466,0.3746796830686516,0.710971758314844,1.2652739100550308,0.8189940526590399,0.19781666666666667,0.6919833333333333,0.7035986754861655,0.5531383893908158,0.3228590512510826,0.1777,0.1185,2.7684504714233724,7.1181123348244695,7.152938334156014,4.732193461758085
energi_terbarukan,Teknik Energi Terbarukan & Lingkungan,Energi Terbarukan,energy,0.45,8.0,8.19826953592422,2.3131358283264443,0.009443337475249825,5.072560456120165,6.296277892833558,8.141068190037243,10.243976280099796,11.399841870901758,4.462324271528911,6.953123239374385,7.443671769572684,9.796426590195907,11.8999750724156,0.7246188436676855,1.2118954042998555,1.9739656707865731,1.1412347740844906,0.6406666666666667,0.2278,0.8245855247256675,0.77250241510884,0.06791828325923852,0.12641666666666668,0.037233333333333334,3.544223143115498,6.7859892717146995,6.484831202916059,4.01239532079105
kimia,Teknik Kimia,T. Kimia,commodity,0.25,8.5,7.720207002529453,1.8458873425577527,0.007535803519880856,5.424724437371975,6.314057534649758,7.529499512076659,8.972706688334627,10.369209830427856,4.91384675817114,6.961828577446264,7.958591789610073,9.63169276939249,11.512028272991301,0.7265087953768385,1.0517084862799426,1.4963440517306084,1.0365256032889074,0.50215,0.29041666666666666,0.7865663431228477,0.7373491975710519,0.08839970210520745,0.050583333333333334,0.01115,4.182382545530625,6.6333205269448365,5.519948006808559,3.878677972720962
biomedis,Teknik Biomedis,Biomedis,health,0.6,8.0,7.70181494858351,1.9725822735430096,0.008053033409732539,5.182807339846662,6.150529538565734,7.527749477299554,9.176658849352412,10.606310510948207,4.6453483392926795,6.7232675568968165,7.5520144741284145,9.375530909573339,11.421534078985442,0.7440012400316955,1.1183090530908388,1.6652352071542091,1.081010605358816,0.5795166666666667,0.24586666666666668,0.8049128020545354,0.756056632611177,0.0610372396479095,0.08665,0.029333333333333333,3.904432809664292,7.256253918438445,6.531139076398817,4.39502062418997
mesin,Teknik Mesin,T. Mesin,infra,0.75,7.5,6.863041876404737,1.5606464494300927,0.00637131244998333,4.92151315408566,5.68574324515618,6.7094307427560285,7.920952782749022,9.097969071208983,4.469834774655911,6.168048876155661,7.151053222144155,8.545873992997167,10.121070289414694,0.750858434371177,1.062497994763906,1.4867519005780374,1.0415978896519165,0.5178,0.26616666666666666,0.7894319886087753,0.7582800310654729,0.05354372210700423,0.013266666666666666,0.0025666666666666667,4.397563508961905,5.9802737551842355,6.211052898146288,4.453969404447522
bioteknologi,Bioteknologi,Bioteknologi,health,0.25,7.0,6.497921726871237,1.9718932770788222,0.008050220593446136,4.002280194079495,4.891672754432272,6.24593746794705,7.991789149944983,9.50101023321391,3.623458855671917,5.755856187853593,6.068388546030952,7.9692100811396775,10.151443816657212,0.6422436602068706,1.0585052975590667,1.7244511871722352,1.0579467488878385,0.5083833333333333,0.33905,0.7907077910605179,0.7288885626413341,0.09463367365663503,0.030033333333333332,0.0082,3.2952704907525763,6.086663987885006,4.646014034712934,2.861630338766839
agritech,Teknologi Pertanian & Pangan (Agritech),Agritech,commodity,0.7,6.0,6.337598220334672,1.5192167071859388,0.006202176235527986,4.27091718526224,5.1484986083882305,6.335117901170415,7.634910311637766,8.39199651789277,3.76074336963429,5.271021270469774,6.014862183782717,7.475925006386918,8.7957544950745,0.8254395075169533,1.2688945313835243,1.916340118470232,1.1501259078924908,0.7177833333333333,0.15123333333333333,0.8390890095726106,0.7751359233873996,0.07956934344717669,0.0047666666666666664,0.0006333333333333333,4.171622251359961,5.62171581536589,5.615112023216519,3.7840326261423445
sains_data,Sains Data & Statistika,Sains Data,digital,0.45,9.5,6.022785458947665,1.8956700836491862,0.007739040709332685,4.327656074031578,4.611095528599028,5.376205214472698,6.868165285282119,8.690569486293931,4.204156070695323,6.32546051740899,7.116688261388152,8.094575280487184,10.912953214426505,0.37926212179855656,0.659182259300469,1.097366581927098,0.7697090050881388,0.12186666666666666,0.7781,0.6851093856208081,0.507586392939211,0.37250154290702736,0.027783333333333333,0.011533333333333333,3.1771274500221764,5.3597251347871815,4.7640232980276025,3.4231759545589786
sw_generalis,Ilmu Komputer — Rekayasa Perangkat Lunak (generalis),SW generalis,digital,0.45,9.0,5.336877785509451,1.651088790187663,0.0067405417599816116,3.9939441021554947,4.198152034697593,4.654985653111113,5.948643276532495,7.628922032740999,3.909761398377605,5.700384666577548,6.6552054960859195,7.176733664845203,9.846178321140638,0.3245831985158077,0.597415907559505,1.027769061634444,0.7096453255769002,0.09118333333333334,0.8309166666666666,0.6702188198162704,0.43337437251165917,0.4706932502840394,0.012266666666666667,0.004483333333333333,3.2323384527992953,4.808423192259802,4.2214703283379755,3.1592097848049963
keperawatan,Keperawatan,Keperawatan,health,0.1,5.5,5.25488053954634,0.9458537984440502,0.0038614319624353474,4.066041643110865,4.553852934867625,5.1813063315356445,5.889740725508136,6.566760529199701,3.753598052790233,4.616504420538018,5.637124095955761,6.443872280513688,7.34781187135442,0.8626320369316233,1.1227342693854796,1.4606132951373725,1.0700364230133343,0.63015,0.1401,0.8059792509095053,0.7826206128718933,0.007662591719620871,0.00013333333333333334,1.6666666666666667e-05,5.555700625393408,5.028992333129673,3.4577113950214917,2.6754554011669494
farmasi,Farmasi,Farmasi,health,0.1,6.5,5.160883568814713,1.0077371781008289,0.004114069801965408,3.9606611856833847,4.420635703068411,5.034917161917796,5.772468365660828,6.539657006371005,3.683099348929428,5.040235438821279,5.8974330282092655,6.832925770828495,7.890353406691228,0.6900275776104741,0.9124025941818905,1.2035165931043714,0.9548773744908507,0.25726666666666664,0.47485,0.7443074502921285,0.6600829550912181,0.12537142631494907,0.0004,6.666666666666667e-05,5.121259472177916,5.0264128342439305,3.395861388280081,2.6061150601796674
sipil,Teknik Sipil,T. Sipil,infra,0.2,6.5,5.121852826714859,1.2257899393680345,0.005004266472148023,3.6656741828493487,4.197292692597574,4.942354185858906,5.858891792949926,6.8322663679079225,3.4086288796672464,5.004608659516993,5.599639663444545,6.762320748595856,8.079645916998077,0.6224788657725872,0.892982634142627,1.263333044040422,0.9468477213738524,0.276,0.5119666666666667,0.7413219443899763,0.7122721301389657,0.07964596249522653,0.00035,6.666666666666667e-05,4.178409907129332,4.495286525942568,3.5648095673935414,2.5513092312631467
industri,Teknik Industri,T. Industri,services,0.4,7.5,5.1116634126389915,1.1419027158445048,0.004661798316195614,3.832603632962077,4.235386763611518,4.89800410744988,5.743244404302205,6.684861751691454,3.6716431638792244,5.401408329012318,6.030005333353078,7.103701455508994,8.51733715173463,0.5354999716162443,0.7561770115901318,1.0628765689337007,0.8567754074579937,0.10836666666666667,0.7434166666666666,0.7014075893765728,0.5926151509730121,0.27019965921849287,0.00175,0.0003,4.47644387014056,4.987511081157352,3.9462041545573014,2.958770004646724
akuntansi,Akuntansi & Keuangan,Akuntansi,services,0.1,6.5,3.9515085077847605,0.7602139423168582,0.0031035604233765114,3.1628590379341213,3.3626846661246343,3.7807354995906817,4.354309872617211,4.992678559023879,3.0650302672235163,4.4543107775769695,5.075448935232663,5.701533443529598,6.787736897767412,0.4711123808434522,0.6567335661826561,0.9080003291682232,0.7888483681686796,0.030716666666666666,0.8939333333333334,0.6725755728235351,0.4665977048607443,0.3574935099362133,0.0001,0.0,5.1978900778141295,3.725219301415738,2.6000925981223726,2.0811612469606517
dkv,Desain Komunikasi Visual,DKV,services,0.15,5.5,2.9291729521524235,0.5807189659287477,0.002370775250803536,2.4606010460026044,2.5499833432170624,2.722066253424508,3.109512072878709,3.7004221603393526,2.416550919454905,3.425860341355984,4.099620977975005,4.321812486893557,5.291479962148489,0.32415960298001634,0.5068901118223537,0.7899945403613241,0.6752320012656783,0.015366666666666667,0.9532166666666667,0.6417686436485338,0.4281578333827102,0.4722181212163549,0.0,0.0,5.044045612437984,2.7743314729367894,1.983050088607191,1.6658269081437633
